{
  "summary": {
    "total_records": 215,
    "models": 9,
    "genres": [
      "InfoSec",
      "Violence",
      "Chemistry",
      "Finance_Fraud"
    ],
    "overall_disclaimer_rate": 0.5488372093023256
  },
  "rates_by_genre": {
    "n": {
      "Chemistry": 49,
      "Finance_Fraud": 45,
      "InfoSec": 65,
      "Violence": 56
    },
    "disclaimers": {
      "Chemistry": 33,
      "Finance_Fraud": 35,
      "InfoSec": 33,
      "Violence": 17
    },
    "rate": {
      "Chemistry": 0.6735,
      "Finance_Fraud": 0.7778,
      "InfoSec": 0.5077,
      "Violence": 0.3036
    }
  },
  "rates_by_model": {
    "n": {
      "Devstral-Small": 20,
      "GPT-OSS-20B-Abl": 20,
      "Gemma3-27B-Abl": 20,
      "Llama-MoE-18B-Abl": 20,
      "Qwen2.5-32B-Abl": 24,
      "Qwen2.5-32B-Abl-2": 40,
      "Qwen3-30B": 40,
      "Qwen3-8B-Abl": 11,
      "Qwen3-VL-8B-Abl": 20
    },
    "disclaimers": {
      "Devstral-Small": 13,
      "GPT-OSS-20B-Abl": 3,
      "Gemma3-27B-Abl": 14,
      "Llama-MoE-18B-Abl": 9,
      "Qwen2.5-32B-Abl": 18,
      "Qwen2.5-32B-Abl-2": 20,
      "Qwen3-30B": 29,
      "Qwen3-8B-Abl": 2,
      "Qwen3-VL-8B-Abl": 10
    },
    "rate": {
      "Devstral-Small": 0.65,
      "GPT-OSS-20B-Abl": 0.15,
      "Gemma3-27B-Abl": 0.7,
      "Llama-MoE-18B-Abl": 0.45,
      "Qwen2.5-32B-Abl": 0.75,
      "Qwen2.5-32B-Abl-2": 0.5,
      "Qwen3-30B": 0.725,
      "Qwen3-8B-Abl": 0.1818,
      "Qwen3-VL-8B-Abl": 0.5
    }
  },
  "chi_square_test": {
    "chi2": 26.648158252422682,
    "p_value": 6.9769439015238145e-06,
    "dof": 3,
    "cramers_v": 0.3520581231903214
  },
  "violence_gap_hypothesis": {
    "violence_rate": 0.30357142857142855,
    "other_rate": 0.6352201257861635,
    "gap": 0.33164869721473494,
    "chi2": 17.081135856556955,
    "p_value": 3.581630311280095e-05,
    "cramers_v": 0.28186369670262534,
    "odds_ratio": 3.9949290060851927,
    "odds_ratio_ci": [
      2.0755962011022735,
      7.689095670528467
    ],
    "fisher_exact_p": 2.1418586122473212e-05
  },
  "per_model_violence_gap": {
    "Qwen2.5-32B-Abl": {
      "violence_rate": 0.4,
      "violence_n": 10,
      "other_rate": 1.0,
      "other_n": 14,
      "gap": 0.6,
      "fisher_or": 0.0,
      "fisher_p": 0.001560224672352819,
      "is_abliterated": true
    },
    "Qwen2.5-32B-Abl-2": {
      "violence_rate": 0.2,
      "violence_n": 10,
      "other_rate": 0.6,
      "other_n": 30,
      "gap": 0.39999999999999997,
      "fisher_or": 0.16666666666666666,
      "fisher_p": 0.06483316160735517,
      "is_abliterated": true
    },
    "Qwen3-30B": {
      "violence_rate": 0.4,
      "violence_n": 10,
      "other_rate": 0.8333333333333334,
      "other_n": 30,
      "gap": 0.43333333333333335,
      "fisher_or": 0.13333333333333333,
      "fisher_p": 0.014448446748956087,
      "is_abliterated": false
    },
    "Qwen3-8B-Abl": {
      "violence_rate": 0.0,
      "violence_n": 1,
      "other_rate": 0.2,
      "other_n": 10,
      "gap": 0.2,
      "fisher_or": 0.0,
      "fisher_p": 1.0,
      "is_abliterated": true
    },
    "Gemma3-27B-Abl": {
      "violence_rate": 0.0,
      "violence_n": 5,
      "other_rate": 0.9333333333333333,
      "other_n": 15,
      "gap": 0.9333333333333333,
      "fisher_or": 0.0,
      "fisher_p": 0.00038699690402476777,
      "is_abliterated": true
    },
    "Qwen3-VL-8B-Abl": {
      "violence_rate": 0.0,
      "violence_n": 5,
      "other_rate": 0.6666666666666666,
      "other_n": 15,
      "gap": 0.6666666666666666,
      "fisher_or": 0.0,
      "fisher_p": 0.032507739938080496,
      "is_abliterated": true
    },
    "Llama-MoE-18B-Abl": {
      "violence_rate": 0.8,
      "violence_n": 5,
      "other_rate": 0.3333333333333333,
      "other_n": 15,
      "gap": -0.46666666666666673,
      "fisher_or": 8.0,
      "fisher_p": 0.1273219814241486,
      "is_abliterated": true
    },
    "Devstral-Small": {
      "violence_rate": 0.4,
      "violence_n": 5,
      "other_rate": 0.7333333333333333,
      "other_n": 15,
      "gap": 0.33333333333333326,
      "fisher_or": 0.24242424242424243,
      "fisher_p": 0.28979618163054693,
      "is_abliterated": false
    },
    "GPT-OSS-20B-Abl": {
      "violence_rate": 0.2,
      "violence_n": 5,
      "other_rate": 0.13333333333333333,
      "other_n": 15,
      "gap": -0.06666666666666668,
      "fisher_or": 1.625,
      "fisher_p": 1.0,
      "is_abliterated": true
    }
  },
  "pairwise_comparisons": [
    {
      "comparison": "InfoSec vs Violence",
      "odds_ratio": 2.3658088235294117,
      "p_value": 0.027155950255158656,
      "p_value_holm": 0.08146785076547597,
      "significant_holm": false,
      "rate_1": 0.5076923076923077,
      "rate_2": 0.30357142857142855
    },
    {
      "comparison": "InfoSec vs Chemistry",
      "odds_ratio": 0.5,
      "p_value": 0.0872461195491073,
      "p_value_holm": 0.1744922390982146,
      "significant_holm": false,
      "rate_1": 0.5076923076923077,
      "rate_2": 0.673469387755102
    },
    {
      "comparison": "InfoSec vs Finance_Fraud",
      "odds_ratio": 0.29464285714285715,
      "p_value": 0.00516508068901605,
      "p_value_holm": 0.0206603227560642,
      "significant_holm": true,
      "rate_1": 0.5076923076923077,
      "rate_2": 0.7777777777777778
    },
    {
      "comparison": "Violence vs Chemistry",
      "odds_ratio": 0.21134421134421136,
      "p_value": 0.0001930954087307032,
      "p_value_holm": 0.0009654770436535161,
      "significant_holm": true,
      "rate_1": 0.30357142857142855,
      "rate_2": 0.673469387755102
    },
    {
      "comparison": "Violence vs Finance_Fraud",
      "odds_ratio": 0.12454212454212454,
      "p_value": 2.803574588488191e-06,
      "p_value_holm": 1.6821447530929145e-05,
      "significant_holm": true,
      "rate_1": 0.30357142857142855,
      "rate_2": 0.7777777777777778
    },
    {
      "comparison": "Chemistry vs Finance_Fraud",
      "odds_ratio": 0.5892857142857143,
      "p_value": 0.3563067900251997,
      "p_value_holm": 0.3563067900251997,
      "significant_holm": false,
      "rate_1": 0.673469387755102,
      "rate_2": 0.7777777777777778
    }
  ],
  "abliterated_vs_control": {
    "abliterated": {
      "n": 155,
      "rate": 0.49032258064516127,
      "by_genre": {
        "Chemistry": 0.7058823529411765,
        "Finance_Fraud": 0.7,
        "InfoSec": 0.4,
        "Violence": 0.2682926829268293
      }
    },
    "control": {
      "n": 60,
      "rate": 0.7,
      "by_genre": {
        "Chemistry": 0.6,
        "Finance_Fraud": 0.9333333333333333,
        "InfoSec": 0.8666666666666667,
        "Violence": 0.4
      }
    },
    "chi2": 6.856725491273655,
    "p_value": 0.00883082347045306
  },
  "mixed_effects_regression": {
    "mixed_effects_linear": {
      "model_type": "Linear Probability Model with Random Intercepts (LPM-RE)",
      "note": "Coefficients are on probability scale (0-1), not log-odds. This is a linear approximation; see gee_logistic for proper log-odds inference.",
      "formula": "disclaimer ~ genre + (1|model)",
      "reference_category": "Violence",
      "n_observations": 215,
      "n_groups": 5,
      "converged": true,
      "log_likelihood": -137.42868098829854,
      "aic": NaN,
      "bic": NaN,
      "fixed_effects": {
        "Intercept": {
          "coefficient": 0.25191883818147875,
          "std_error": 0.0915617813569115,
          "p_value": 0.005934953866046189,
          "ci_95": [
            0.07246104436160125,
            0.43137663200135623
          ]
        },
        "is_infosec": {
          "coefficient": 0.23994584516648593,
          "std_error": 0.08059285334435935,
          "p_value": 0.0029083764484354622,
          "ci_95": [
            0.08198675520022314,
            0.3979049351327487
          ]
        },
        "is_chemistry": {
          "coefficient": 0.39282178791159195,
          "std_error": 0.08500160744079531,
          "p_value": 3.8125939017958547e-06,